{
  "project_info": {
    "project_number": "704011243550",
    "project_id": "quicksipcp2",
    "storage_bucket": "quicksipcp2.firebasestorage.app"
  },
  "client": [
    {
      "client_info": {
        "mobilesdk_app_id": "1:704011243550:android:2f7b98c24665f63e1d9e0f",
        "android_client_info": {
          "package_name": "com.quicksip.cp2"
        }
      },
      "oauth_client": [],
      "api_key": [
        {
          "current_key": "AIzaSyDMoWvPEtBsvxqfP0HC81vwoU2N61aupE8"
        }
      ],
      "services": {
        "appinvite_service": {
          "other_platform_oauth_client": []
        }
      }
    }
  ],
  "configuration_version": "1"
}